{ 
"Title":"Sign", 
"First_Name":"Sofia", 
"Middle_Name":"Cassia", 
"Last_Name":"Liossis", 
"Mobile":"335741859", 
"Phone":"081545467", 
"E-mail_Address":"sofia.liossis@gmail.com",
"Data_nascita":"10-10-2010",
"Luogo_Nascita":"Salerno",
"Residenza":"Scafati",
"Domicilio":"Scafati",
"Genere":"F"
}


{ 
"Title":"Sign", 
"First Name":"Camilla", 
"Middle Name":null,
"Last Name":"Leone", 
"Mobile":"339747855", 
"Phone":"087945467", 
"E-mail Address":"camilla.leone@gmail.com",
"Data_nascita":"01-03-2000",
"Luogo_Nascita":"Torino",
"Residenza":"Como",
"Domicilio":"Milano",
"Genere":"F"
}

{ 
"Title":"Sig", 
"First Name":"Leandros", 
"Middle Name": null,
"Last Name":"Kouros", 
"Mobile":"337747455", 
"Phone":"085935487", 
"E-mail Address":"leandros.kouros@gmail.com",
"Data_nascita":"07-08-1999",
"Luogo_Nascita":"Bari",
"Residenza":"Venosa",
"Domicilio":"Venosa",
"Genere":"M"
}


{ 
"Title":"Sig", 
"First Name":"Gabriele", 
"Middle Name":"Fabio", 
"Last Name":"Ricioppo", 
"Mobile":"337347451", 
"Phone":"082945186", 
"E-mail Address":"gabriele.ricioppo@gmail.com",
"Data_nascita":"04-02-1995",
"Luogo_Nascita":"Chieti",
"Residenza":"Firenze",
"Domicilio":"Firenze",
"Genere":"M"
}

