{
  "libri": {
    "Poirot a Styles Court": {
      "capitoli": 12,
      "autore": {
        "nome": "Agatha Christie",
        "indirizzo": "agatha.christie@gmail.com"
      }
    },
    "Aiuto, Poirot!": {
      "capitoli": 20,
      "autore": {
        "nome": "Agatha Christie",
        "indirizzo": "agatha.christie@gmail.com"
      }
    },
    "Poirot e i quattro": {
      "capitoli": 10,
      "autore": {
        "nome": "Agatha Christie",
        "indirizzo": "agatha.christie@gmail.com"
      }
    }
  }
}
